{
  "description": "Lambda_bar for 3x3 unimodular Pisot matrices with alpha=2 exactly (complex conjugate subdominant eigenvalue pair)",
  "total_alpha2_matrices": 504,
  "distinct_lam1_values": 18,
  "computation_params": {
    "target_N": 500000,
    "num_windows": 25000,
    "n_R_values": 1000,
    "averaging": "mean over last 2/3 of R range"
  },
  "results": [
    {
      "lam1": 1.324718,
      "lam2": 0.8688369618327096,
      "det": 1.0,
      "n_matrices": 6,
      "representative_M": [
        [
          0,
          0,
          1
        ],
        [
          1,
          0,
          0
        ],
        [
          1,
          1,
          0
        ]
      ],
      "rules": {
        "a": "c",
        "b": "a",
        "c": "ab"
      },
      "N": 525456,
      "rho": 0.7221244175277015,
      "lambda_bar": 0.3183492540401799,
      "lambda_bar_err": 0.00784343722266283,
      "var_max": 0.3389837504,
      "tile_lengths": {
        "a": 1.3247179572447456,
        "b": 1.0,
        "c": 1.754877666246692
      }
    },
    {
      "lam1": 1.465571,
      "lam2": 0.8260313576541873,
      "det": 1.0,
      "n_matrices": 6,
      "representative_M": [
        [
          0,
          0,
          1
        ],
        [
          1,
          0,
          0
        ],
        [
          0,
          1,
          1
        ]
      ],
      "rules": {
        "a": "c",
        "b": "a",
        "c": "bc"
      },
      "N": 578949,
      "rho": 0.6114919914740076,
      "lambda_bar": 0.274222444788006,
      "lambda_bar_err": 0.02849208544741805,
      "var_max": 0.31530608639999996,
      "tile_lengths": {
        "a": 1.4655712318767684,
        "b": 1.0,
        "c": 2.147899035704787
      }
    },
    {
      "lam1": 1.754878,
      "lam2": 0.7548776662466928,
      "det": 1.0,
      "n_matrices": 6,
      "representative_M": [
        [
          0,
          0,
          1
        ],
        [
          1,
          1,
          0
        ],
        [
          0,
          1,
          1
        ]
      ],
      "rules": {
        "a": "c",
        "b": "ab",
        "c": "bc"
      },
      "N": 525456,
      "rho": 0.7221244175277011,
      "lambda_bar": 0.3185264265091454,
      "lambda_bar_err": 0.008006317902886353,
      "var_max": 0.33835381760000005,
      "tile_lengths": {
        "a": 1.0,
        "b": 1.3247179572447465,
        "c": 1.7548776662466945
      }
    },
    {
      "lam1": 1.839287,
      "lam2": 0.7373527057603281,
      "det": 1.0,
      "n_matrices": 24,
      "representative_M": [
        [
          0,
          0,
          1
        ],
        [
          1,
          0,
          0
        ],
        [
          1,
          1,
          1
        ]
      ],
      "rules": {
        "a": "c",
        "b": "a",
        "c": "abc"
      },
      "N": 532159,
      "rho": 0.4356163896476954,
      "lambda_bar": 0.5393499921439281,
      "lambda_bar_err": 0.026509137644276384,
      "var_max": 0.6218606576,
      "tile_lengths": {
        "a": 1.8392867552141638,
        "b": 1.0,
        "c": 3.3829757679062413
      }
    },
    {
      "lam1": 2.147899,
      "lam2": 0.6823278038280195,
      "det": 1.0,
      "n_matrices": 36,
      "representative_M": [
        [
          0,
          0,
          1
        ],
        [
          1,
          0,
          0
        ],
        [
          2,
          1,
          1
        ]
      ],
      "rules": {
        "a": "c",
        "b": "a",
        "c": "aabc"
      },
      "N": 704440,
      "rho": 0.3464021754963511,
      "lambda_bar": 1.3782788737007496,
      "lambda_bar_err": 0.1004587208106226,
      "var_max": 1.6704946943999996,
      "tile_lengths": {
        "a": 2.147899035704788,
        "b": 1.0,
        "c": 4.613470267581558
      }
    },
    {
      "lam1": 2.205569,
      "lam2": 0.6733480908983139,
      "det": 1.0,
      "n_matrices": 36,
      "representative_M": [
        [
          0,
          0,
          1
        ],
        [
          1,
          0,
          0
        ],
        [
          0,
          1,
          2
        ]
      ],
      "rules": {
        "a": "c",
        "b": "a",
        "c": "bcc"
      },
      "N": 967065,
      "rho": 0.28744961054873,
      "lambda_bar": 0.4470967914554722,
      "lambda_bar_err": 0.07783683677125833,
      "var_max": 0.5783286976,
      "tile_lengths": {
        "a": 2.205569430400591,
        "b": 1.0,
        "c": 4.864536512317583
      }
    },
    {
      "lam1": 2.324718,
      "lam2": 0.6558656180971422,
      "det": 1.0,
      "n_matrices": 18,
      "representative_M": [
        [
          0,
          0,
          1
        ],
        [
          1,
          1,
          0
        ],
        [
          0,
          1,
          2
        ]
      ],
      "rules": {
        "a": "c",
        "b": "ab",
        "c": "bcc"
      },
      "N": 1092736,
      "rho": 0.48763765271203435,
      "lambda_bar": 1.0977889106854573,
      "lambda_bar_err": 0.056849828094144086,
      "var_max": 1.2612828096,
      "tile_lengths": {
        "a": 1.324717957244745,
        "b": 1.0,
        "c": 3.079595623491438
      }
    },
    {
      "lam1": 2.546818,
      "lam2": 0.6266153379088647,
      "det": 1.0,
      "n_matrices": 48,
      "representative_M": [
        [
          0,
          0,
          1
        ],
        [
          1,
          0,
          0
        ],
        [
          1,
          1,
          2
        ]
      ],
      "rules": {
        "a": "c",
        "b": "a",
        "c": "abcc"
      },
      "N": 734617,
      "rho": 0.23447343647756613,
      "lambda_bar": 0.7343849336635682,
      "lambda_bar_err": 0.07792200302810581,
      "var_max": 0.89237376,
      "tile_lengths": {
        "a": 2.5468182768840855,
        "b": 1.0,
        "c": 6.486283335470806
      }
    },
    {
      "lam1": 2.769292,
      "lam2": 0.6009185306916799,
      "det": 1.0,
      "n_matrices": 54,
      "representative_M": [
        [
          0,
          0,
          1
        ],
        [
          1,
          1,
          1
        ],
        [
          0,
          1,
          2
        ]
      ],
      "rules": {
        "a": "c",
        "b": "abc",
        "c": "bcc"
      },
      "N": 660767,
      "rho": 0.42353085245246513,
      "lambda_bar": 0.29868484257631184,
      "lambda_bar_err": 0.037754004224885535,
      "var_max": 0.3640056576,
      "tile_lengths": {
        "a": 1.0,
        "b": 2.1303954347672787,
        "c": 2.769292354238631
      }
    },
    {
      "lam1": 2.831177,
      "lam2": 0.5943147013151573,
      "det": 1.0,
      "n_matrices": 48,
      "representative_M": [
        [
          0,
          0,
          1
        ],
        [
          1,
          0,
          1
        ],
        [
          1,
          1,
          2
        ]
      ],
      "rules": {
        "a": "c",
        "b": "ac",
        "c": "abcc"
      },
      "N": 1027924,
      "rho": 0.4835287034554618,
      "lambda_bar": 0.41413395408935527,
      "lambda_bar_err": 0.04069063706041842,
      "var_max": 0.4844538624,
      "tile_lengths": {
        "a": 1.0,
        "b": 1.3532099641993243,
        "c": 2.831177207208337
      }
    },
    {
      "lam1": 3.079596,
      "lam2": 0.5698402909980537,
      "det": 1.0,
      "n_matrices": 24,
      "representative_M": [
        [
          0,
          0,
          1
        ],
        [
          1,
          0,
          2
        ],
        [
          1,
          1,
          2
        ]
      ],
      "rules": {
        "a": "c",
        "b": "acc",
        "c": "abcc"
      },
      "N": 922111,
      "rho": 0.41149558866912717,
      "lambda_bar": 0.3079156154842579,
      "lambda_bar_err": 0.05139735742953789,
      "var_max": 0.4321997295999999,
      "tile_lengths": {
        "a": 1.0,
        "b": 2.3247179572447405,