{
  "n_values": [
    1,
    2,
    3,
    5,
    10,
    15,
    20,
    25,
    30,
    40,
    50
  ],
  "lambda_bar": [
    0.19927944620890553,
    0.25014337952559296,
    0.2825901189013733,
    0.30968886962962966,
    0.3265244009654598,
    0.33051093957553057,
    0.33195127735330837,
    0.3307671221972534,
    0.33224752226383686,
    0.3330420245359967,
    0.33421372168123176
  ],
  "err": [
    0.00013019844118476715,
    0.00041193948452664537,
    0.0006592861505442701,
    0.000791045225535233,
    0.0006959977863598664,
    0.001596037879652611,
    0.001482236957205648,
    0.0009725320986666737,
    0.002732951281060037,
    0.005615950321491693,
    0.0004974483490942569
  ],
  "rho": [
    0.723606797748546,
    0.5000000000002813,
    0.36132495094391803,
    0.22145699273431882,
    0.10776772972362395,
    0.07046790970419857,
    0.05223326440550542,
    0.041464971873372655,
    0.03436692633358081,
    0.025592639033023702,
    0.02038353981354093
  ],
  "N": [
    317811,
    665857,
    608761,
    607771,
    1154631,
    824221,
    3393261,
    408176,
    839761,
    2628881,
    6382601
  ],
  "params": {
    "TARGET_N": 300000,
    "NUM_WINDOWS": 15000,
    "NUM_R": 400,
    "SEED": 2026
  }
}