{
  "n_values": [
    1,
    2,
    3,
    5,
    10,
    20,
    50,
    100,
    200,
    500
  ],
  "results": {
    "1": {
      "lambda_bar": 0.19936236164296406,
      "err": 3.5353772421012675e-05,
      "rho": 0.723606797750526,
      "N": 514229,
      "replicates": [
        0.1993517806961078,
        0.19943994168413173,
        0.1992713138023952,
        0.19938641038922156
      ]
    },
    "2": {
      "lambda_bar": 0.24954400180202096,
      "err": 4.5663733673616746e-05,
      "rho": 0.5000000000002813,
      "N": 665857,
      "replicates": [
        0.24956439526946106,
        0.24946977298652692,
        0.24947698549401198,
        0.24966485345808387
      ]
    },
    "3": {
      "lambda_bar": 0.2811119867477545,
      "err": 0.00010818835055935677,
      "rho": 0.36132495094391803,
      "N": 608761,
      "replicates": [
        0.2808716188847305,
        0.2811514541467066,
        0.2810378778967066,
        0.28138699606287426
      ]
    },
    "5": {
      "lambda_bar": 0.3029572080651198,
      "err": 7.868612073342987e-05,
      "rho": 0.22145699273431882,
      "N": 607771,
      "replicates": [
        0.3029670085853293,
        0.3030215763173653,
        0.30310357427395207,
        0.30273667308383234
      ]
    },
    "10": {
      "lambda_bar": 0.32636812726047904,
      "err": 7.317701388135842e-05,
      "rho": 0.10776772972362395,
      "N": 1154631,
      "replicates": [
        0.3262287640643713,
        0.32655562558383233,
        0.326278782260479,
        0.32640933713323356
      ]
    },
    "20": {
      "lambda_bar": 0.332190893066991,
      "err": 3.179235817868405e-05,
      "rho": 0.05223326440550542,
      "N": 3393261,
      "replicates": [
        0.3321191700973054,
        0.33226655963323354,
        0.33216390468562873,
        0.3322139378517964
      ]
    },
    "50": {
      "lambda_bar": 0.33337927613585333,
      "err": 8.061551694531807e-05,
      "rho": 0.02038353981354093,
      "N": 6382601,
      "replicates": [
        0.3335578030838323,
        0.33322768693113775,
        0.3332591012200599,
        0.3334725133083833
      ]
    },
    "100": {
      "lambda_bar": 0.3340201620434132,
      "err": 0.00013053202495140356,
      "rho": 0.010097970609796654,
      "N": 1010201,
      "replicates": [
        0.33440775529940125,
        0.33383864458083834,
        0.3339222513697605,
        0.3339119969236527
      ]
    },
    "200": {
      "lambda_bar": 0.33341720045471557,
      "err": 2.2452085482982913e-05,
      "rho": 0.0050247481439046815,
      "N": 8040401,
      "replicates": [
        0.3334116691242515,
        0.33336846284431143,
        0.3334772791541916,
        0.3334113906961078
      ]
    },
    "500": {
      "lambda_bar": 0.32372363184318864,
      "err": 5.961331817087296e-05,
      "rho": 0.002003983952192051,
      "N": 125251001,
      "replicates": [
        0.3238411178368264,
        0.32375876270958087,
        0.3237366595284431,
        0.3235579872979042
      ]
    }
  },
  "params": {
    "TARGET_N": 500000,
    "NUM_WINDOWS": 20000,
    "NUM_R": 500,
    "N_REPS": 4,
    "SEED": 2030
  }
}