{
  "n_values": [
    1,
    2,
    3,
    4,
    5,
    6,
    7,
    8,
    9,
    10,
    15,
    20,
    25,
    30,
    40,
    50,
    60,
    70,
    80,
    90,
    100
  ],
  "results": {
    "1": {
      "lambda_bar": 0.19939767166042444,
      "err": 0.000185060001805882,
      "rho": 0.7236067977485461,
      "N": 317811
    },
    "2": {
      "lambda_bar": 0.2503025755139409,
      "err": 0.00045955157814397865,
      "rho": 0.5000000000002819,
      "N": 665857
    },
    "3": {
      "lambda_bar": 0.28299616664169785,
      "err": 0.00041775737073534167,
      "rho": 0.36132495094391776,
      "N": 608761
    },
    "4": {
      "lambda_bar": 0.2999934457761132,
      "err": 0.0007144097535135517,
      "rho": 0.2763932022502301,
      "N": 514229
    },
    "5": {
      "lambda_bar": 0.3095133245776114,
      "err": 0.0009266491363230153,
      "rho": 0.22145699273431885,
      "N": 607771
    },
    "6": {
      "lambda_bar": 0.31686483718684977,
      "err": 0.0006045022475610312,
      "rho": 0.18377223398335085,
      "N": 382129
    },
    "7": {
      "lambda_bar": 0.32066649270079073,
      "err": 0.0004409284206222352,
      "rho": 0.156598590128296,
      "N": 1057792
    },
    "8": {
      "lambda_bar": 0.3245227963712027,
      "err": 0.0027390289726619437,
      "rho": 0.13619656244534195,
      "N": 317849
    },
    "9": {
      "lambda_bar": 0.32542395424053266,
      "err": 0.0012724668514838265,
      "rho": 0.12037169881731928,
      "N": 626725
    },
    "10": {
      "lambda_bar": 0.32671412129837696,
      "err": 0.0006172161923501651,
      "rho": 0.10776772972362418,
      "N": 1154631
    },
    "15": {
      "lambda_bar": 0.33000375886808153,
      "err": 0.001453268511311041,
      "rho": 0.07046790970419842,
      "N": 824221
    },
    "20": {
      "lambda_bar": 0.33171855334165623,
      "err": 0.0017086038052285316,
      "rho": 0.05223326440550511,
      "N": 3393261
    },
    "25": {
      "lambda_bar": 0.3308152413483146,
      "err": 0.0007585149578823886,
      "rho": 0.041464971873372614,
      "N": 408176
    },
    "30": {
      "lambda_bar": 0.3320793572700791,
      "err": 0.002903476166558384,
      "rho": 0.034366926333580856,
      "N": 839761
    },
    "40": {
      "lambda_bar": 0.333146929821057,
      "err": 0.005709163443034504,
      "rho": 0.02559263903302368,
      "N": 2628881
    },
    "50": {
      "lambda_bar": 0.33420885957553054,
      "err": 0.000417625591925754,
      "rho": 0.020383539813541064,
      "N": 6382601
    },
    "60": {
      "lambda_bar": 0.3369708568456097,
      "err": 0.006687163962461431,
      "rho": 0.01693496162674207,
      "N": 13186921
    },
    "70": {
      "lambda_bar": 0.33012118428630877,
      "err": 0.007965185402614358,
      "rho": 0.014483843719092832,
      "N": 348041
    },
    "80": {
      "lambda_bar": 0.3330186995588847,
      "err": 0.007488360377766531,
      "rho": 0.012652272376040743,
      "N": 518561
    },
    "90": {
      "lambda_bar": 0.33788984321265086,
      "err": 0.0023176134073590216,
      "rho": 0.011231779726768688,
      "N": 737281
    },
    "100": {
      "lambda_bar": 0.33504458709945895,
      "err": 0.0003759740605001725,
      "rho": 0.01009797060979667,
      "N": 1010201
    }
  },
  "params": {
    "TARGET_N": 300000,
    "NUM_WINDOWS": 15000,
    "NUM_R": 400,
    "SEED": 2027
  }
}