{
  "n_values": [
    1,
    2,
    3,
    4,
    5,
    6,
    7,
    8,
    9,
    10,
    15,
    20,
    25,
    30,
    40,
    50,
    60,
    70,
    80,
    90,
    100
  ],
  "results": {
    "1": {
      "lambda_bar": 0.19939767166042446,
      "err": 0.00018506000180587825,
      "rho": 0.723606797748546,
      "N": 317811
    },
    "2": {
      "lambda_bar": 0.2503025755139409,
      "err": 0.00045955157814397865,
      "rho": 0.5000000000002813,
      "N": 665857
    },
    "3": {
      "lambda_bar": 0.28299616664169785,
      "err": 0.0004177573707353545,
      "rho": 0.36132495094391803,
      "N": 608761
    },
    "4": {
      "lambda_bar": 0.2999934457761132,
      "err": 0.0007144097535135517,
      "rho": 0.2763932022502305,
      "N": 514229
    },
    "5": {
      "lambda_bar": 0.3095133245776113,
      "err": 0.000926649136323016,
      "rho": 0.22145699273431882,
      "N": 607771
    },
    "6": {
      "lambda_bar": 0.31686483718684977,
      "err": 0.0006045022475610312,
      "rho": 0.18377223398335088,
      "N": 382129
    },
    "7": {
      "lambda_bar": 0.32066649270079073,
      "err": 0.0004409284206222384,
      "rho": 0.15659859012829602,
      "N": 1057792
    },
    "8": {
      "lambda_bar": 0.3245227963712026,
      "err": 0.0027390289726619437,
      "rho": 0.13619656244534195,
      "N": 317849
    },
    "9": {
      "lambda_bar": 0.32542395424053266,
      "err": 0.0012724668514838265,
      "rho": 0.12037169881731924,
      "N": 626725
    },
    "10": {
      "lambda_bar": 0.32671446904702456,
      "err": 0.000617107133522015,
      "rho": 0.10776772972362395,
      "N": 1154631
    },
    "15": {
      "lambda_bar": 0.3300037588680816,
      "err": 0.0014532685113110436,
      "rho": 0.07046790970419857,
      "N": 824221
    },
    "20": {
      "lambda_bar": 0.33171855334165623,
      "err": 0.001708603805228524,
      "rho": 0.05223326440550542,
      "N": 3393261
    },
    "25": {
      "lambda_bar": 0.3308152413483146,
      "err": 0.0007585149578823902,
      "rho": 0.041464971873372655,
      "N": 408176
    },
    "30": {
      "lambda_bar": 0.3320793572700791,
      "err": 0.002903476166558394,
      "rho": 0.03436692633358081,
      "N": 839761
    },
    "40": {
      "lambda_bar": 0.333146929821057,
      "err": 0.005709163443034498,
      "rho": 0.025592639033023702,
      "N": 2628881
    },
    "50": {
      "lambda_bar": 0.33420885957553054,
      "err": 0.00041762559192576277,
      "rho": 0.02038353981354093,
      "N": 6382601
    },
    "60": {
      "lambda_bar": 0.33697105168539326,
      "err": 0.00668702449512282,
      "rho": 0.016934961626742497,
      "N": 13186921
    },
    "70": {
      "lambda_bar": 0.33012118428630877,
      "err": 0.007965185402614355,
      "rho": 0.014483843719092827,
      "N": 348041
    },
    "80": {
      "lambda_bar": 0.3330186995588847,
      "err": 0.007488360377766527,
      "rho": 0.012652272376040746,
      "N": 518561
    },
    "90": {
      "lambda_bar": 0.33788984321265086,
      "err": 0.0023176134073590363,
      "rho": 0.011231779726768691,
      "N": 737281
    },
    "100": {
      "lambda_bar": 0.33504458709945895,
      "err": 0.000375974060500164,
      "rho": 0.010097970609796654,
      "N": 1010201
    }
  },
  "params": {
    "TARGET_N": 300000,
    "NUM_WINDOWS": 15000,
    "NUM_R": 400,
    "SEED": 2027
  }
}