{
  "0.05": {
    "lambda_bar": 4.409438200129354,
    "lambda_bar_std": 1.652698606256628,
    "N": 1001
  },
  "0.1": {
    "lambda_bar": 2.665777962298507,
    "lambda_bar_std": 0.8360332154228425,
    "N": 501
  },
  "0.15": {
    "lambda_bar": 1.4590327535223877,
    "lambda_bar_std": 0.19530322875927317,
    "N": 334
  },
  "0.2": {
    "lambda_bar": 0.8611367093791045,
    "lambda_bar_std": 0.0994565901914736,
    "N": 251
  },
  "0.25": {
    "lambda_bar": 0.5826005068059702,
    "lambda_bar_std": 0.05855663503722736,
    "N": 201
  },
  "0.3": {
    "lambda_bar": 0.4893414028477612,
    "lambda_bar_std": 0.06055474222597844,
    "N": 168
  },
  "0.4": {
    "lambda_bar": 0.3253317520955224,
    "lambda_bar_std": 0.025705284272583152,
    "N": 126
  },
  "0.45": {
    "lambda_bar": 0.33774143829253733,
    "lambda_bar_std": 0.03369195626108883,
    "N": 112
  }
}